{"cameraMode":{"drawMode":0,"name":"Shaded","section":"Shading Mode"},"sceneLighting":false,"audioPlay":false,"sceneViewState":{"showFog":true,"showMaterialUpdate":false,"showSkybox":true,"showFlares":true,"showImageEffects":true,"showParticleSystems":true},"in2DMode":false,"pivot":{"x":232.97760009765626,"y":26.946956634521486,"z":-169.3592529296875},"rotation":{"x":-0.06017756089568138,"y":0.7893947958946228,"z":-0.07840727269649506,"w":-0.6058769226074219},"size":381.0738525390625,"orthographic":true}